User-ID;ISBN;Book-Rating
4017;0060915544;8
4017;014028009X;9
4017;0316096199;10
4017;0316666343;10
4017;0345443284;10
4017;0375707972;10
4017;0385265700;9
4017;0446310786;10
4017;0452282829;10
4017;067976402X;10
4017;0679781587;9
4017;068484267X;10
4017;068484477X;5
6242;0060934417;7
6242;0060987103;7
6242;0140293248;5
6242;0312195516;7
6242;0375707972;8
6242;0375726403;7
6242;0679746048;5
6242;0679751521;5
6242;067976402X;8
6242;068484267X;8
6242;068484477X;8
6242;1573229326;6
6251;0060392452;10
6251;0061009059;7
6251;0312966091;9
6251;0312980140;7
6251;0316569321;8
6251;0375727345;6
6251;0385484518;7
6251;0439136350;10
6251;0439139597;10
6251;043935806X;9
6251;0440206154;7
6251;0440224675;6
6251;0440498058;10
6251;067976402X;8
6251;068484267X;8
6543;0060987103;10
6543;0061009059;8
6543;0142001740;9
6543;0312980140;8
6543;0385722206;6
6543;0446610038;9
6543;1400031354;7
6563;0060915544;9
6563;0060987103;8
6563;0060987529;8
6563;0312278586;7
6563;0385484518;10
6563;0439139600;9
6563;043935806X;10
6563;0440211727;10
6563;0440213525;9
6563;0440226430;9
6563;059035342X;8
6563;0671021001;2
6563;0743418174;9
6563;0786868716;10
6575;0060502258;8
6575;0060928336;8
6575;0060934417;9
6575;0060987103;9
6575;014028009X;4
6575;0140293248;8
6575;014029628X;7
6575;0140298479;6
6575;0142001740;8
6575;0312195516;8
6575;0312265867;9
6575;0312966970;9
6575;0312980140;9
6575;0316776963;8
6575;0375706771;7
6575;0380002930;4
6575;0385335482;5
6575;0385484518;6
6575;0385720106;7
6575;0385722206;9
6575;0446606812;2
6575;0446672211;8
6575;0452282152;6
6575;0553279912;7
6575;0609804138;8
6575;0671001795;9
6575;0679746048;9
6575;067976402X;7
6575;0679781587;9
6575;068484267X;9
6575;0804106304;9
6575;1400031354;9
6575;1400034779;9
7346;0060987103;7
7346;014029628X;8
7346;0312265867;6
7346;0312924585;9
7346;0312966970;8
7346;0312976275;7
7346;0312980140;8
7346;0316096199;8
7346;0345361792;9
7346;0345370775;8
7346;0375726403;8
7346;0385335881;8
7346;0425147622;8
7346;0440221471;9
7346;0440225701;10
7346;0440234743;9
7346;0440236673;8
7346;0553284789;6
7346;0590353403;10
7346;0609804138;7
7346;0671001795;8
7346;0786868716;7
7346;0804106304;9
8067;0061009059;10
8067;014028009X;5
8067;0312966970;10
8067;0312971346;10
8067;0312980140;10
8067;0446606812;8
8067;0671001795;10
8245;0156027321;9
8245;0312195516;9
8245;0385722206;7
8245;0439064872;8
8245;044021145X;9
8245;0440224764;8
8245;0452282152;10
8245;0452282829;6
8245;0553268880;9
8245;0609804138;9
8245;0684874350;8
8253;0060915544;9
8253;0060928336;10
8253;0060930535;10
8253;0316569321;10
8253;0316601950;9
8253;0316666343;10
8253;0375726403;7
8253;044021145X;9
8253;0446310786;10
8253;0449212602;10
8253;0590353403;8
8253;0671021001;10
8253;067976402X;10
8253;0679781587;10
8454;0060987103;10
8454;0060987529;9
8454;0060987561;6
8454;0140293248;7
8454;0140298479;8
8454;0142001740;9
8454;0156027321;9
8454;0316569321;6
8454;0316601950;9
8454;0385720106;6
8454;0679781587;10
8454;0743418174;8
10314;0060976845;9
10314;0312195516;9
10314;0316601950;8
10314;0316776963;7
10314;0375700757;6
10314;0385265700;6
10314;0446310786;9
10314;0553572997;8
10314;068484477X;7
10314;0743418174;9
10314;1573229326;7
10447;0060915544;9
10447;0060928336;9
10447;0060976845;8
10447;0060987529;9
10447;0375700757;9
10447;038079487X;7
10447;0385505833;7
10447;0449212602;9
10447;0452282152;7
10447;0671041789;7
10447;068484477X;9
10447;0743237188;3
10447;0786868716;7
11676;0060502258;8
11676;0060987103;9
11676;0060987529;8
11676;0060987561;9
11676;0061009059;8
11676;0064407667;3
11676;014028009X;8
11676;0140293248;5
11676;014029628X;7
11676;0140298479;3
11676;0156027321;6
11676;0312195516;10
11676;0312265867;8
11676;0312278586;6
11676;0312305060;9
11676;0312966091;8
11676;0312966970;7
11676;0312976275;7
11676;0312983867;4
11676;0316096199;10
11676;0316569321;10
11676;0316666343;5
11676;0316776963;8
11676;0345313860;8
11676;0345337662;6
11676;0345361792;10
11676;0345370775;8
11676;034538475X;6
11676;0375504397;3
11676;0375706771;6
11676;0375707972;9
11676;0375726403;7
11676;0375727345;7
11676;0380002930;5
11676;0380718340;10
11676;038079487X;10
11676;0385265700;7
11676;0385335482;10
11676;0385335881;8
11676;0385484518;9
11676;0385504209;9
11676;0385505833;8
11676;0385720106;8
11676;0385722206;9
11676;0425147622;5
11676;0439064864;10
11676;0439064872;8
11676;0439139597;8
11676;0439139600;10
11676;044021145X;1
11676;0440213525;5
11676;0440221471;9
11676;0440224675;8
11676;0440225701;8
11676;0440226430;7
11676;0440234743;9
11676;0440236673;8
11676;044023722X;8
11676;0440498058;8
11676;044651652X;8
11676;0446601241;9
11676;0446605239;6
11676;0446608955;7
11676;0446610038;10
11676;0446672211;10
11676;0449212602;10
11676;0451156609;7
11676;0451169530;5
11676;0451172817;8
11676;0451184963;9
11676;0452282829;10
11676;0553268880;10
11676;0553279556;6
11676;0553280341;10
11676;0553280368;10
11676;0553284789;4
11676;0553572997;7
11676;0590353403;8
11676;059035342X;10
11676;0609804138;10
11676;0671001795;10
11676;0671003755;1
11676;067102423X;8
11676;0671041789;5
11676;0679751521;9
11676;067976402X;10
11676;068484477X;4
11676;0684874350;7
11676;0743237188;6
11676;0743418174;8
11676;0786868716;9
11676;0804114986;8
11676;0842329129;9
11676;1400031354;8
11676;1573229326;7
13273;0060930535;9
13273;0312265867;7
13273;0316601950;9
13273;0316666343;8
13273;0385504209;9
13273;0439139597;9
13273;0446672211;9
13273;0671027360;8
13552;0140298479;9
13552;0380718340;7
13552;0385484518;10
13552;0385504209;10
13552;0440211727;9
13552;0440214041;9
13552;0440220602;7
13552;0440221471;8
13552;044022165X;8
13552;0440224764;9
13552;0440234743;8
13552;044651652X;8
13552;0451156609;10
13552;0743418174;10
13552;0786868716;9
14422;0060928336;9
14422;0060976845;9
14422;0316601950;9
14422;0375727345;8
14422;044651652X;7
14422;0452282829;4
14422;0553280368;8
14422;068484267X;5
14422;0743418174;9
14422;1400034779;9
16634;0060392452;8
16634;0316284955;8
16634;0345313860;10
16634;0380002930;10
16634;0399501487;8
16634;0440213525;7
16634;0449212602;8
16634;067976402X;8
16795;0060930535;4
16795;0060976845;7
16795;0061009059;9
16795;0064407667;8
16795;0142001740;10
16795;0312195516;9
16795;0312305060;8
16795;0312966970;8
16795;0312980140;6
16795;0316569321;9
16795;0316666343;10
16795;0316769487;8
16795;0375706771;7
16795;0375707972;5
16795;0375726403;4
16795;0375727345;9
16795;0380002930;6
16795;0385492081;5
16795;0385504209;10
16795;0385505833;10
16795;0385720106;9
16795;0440213525;5
16795;0440214041;6
16795;044022165X;5
16795;0440224675;5
16795;0440226430;9
16795;044651652X;9
16795;0446605239;10
16795;0446608955;8
16795;0446610038;9
16795;0446672211;8
16795;0451184963;8
16795;0553250426;7
16795;0553268880;5
16795;0671001795;7
16795;0671021001;10
16795;0671041789;7
16795;0679746048;9
16795;068484477X;7
16795;0684874350;7
16795;0743237188;9
16795;0743418174;9
16795;0786868716;8
16795;0842329129;9
16795;1573229326;9
17003;0060392452;10
17003;0060915544;10
17003;0312305060;10
17003;0316666343;9
17003;0316776963;7
17003;0345337662;7
17003;0679781587;8
17003;0804106304;8
17950;0064407667;10
17950;0316769487;9
17950;0345443284;4
17950;0385484518;8
17950;0440211727;5
17950;0440213525;5
17950;0446310786;8
17950;044651652X;9
17950;0446605239;6
17950;0446608955;10
17950;0452282829;5
17950;0679781587;9
17950;068484267X;5
17950;0684874350;8
20180;0060502258;8
20180;0060928336;10
20180;0060930535;8
20180;0060976845;8
20180;014028009X;5
20180;0140298479;8
20180;0312195516;10
20180;0446672211;8
20180;0451169530;10
20180;0553271636;8
20180;0553279556;8
20180;0553280341;8
20180;0553280368;8
20180;0553284789;8
20180;0671041789;10
20180;0679781587;10
21014;0060915544;8
21014;0060928336;8
21014;0064407667;8
21014;0140293248;8
21014;014029628X;8
21014;0312195516;9
21014;0312278586;7
21014;0312305060;8
21014;0312971346;6
21014;0316284955;7
21014;0316569321;8
21014;0345370775;5
21014;0375700757;8
21014;0375707972;4
21014;0375726403;8
21014;0385335881;6
21014;0385722206;8
21014;0425147622;8
21014;0439064872;9
21014;0451169530;8
21014;0452282152;8
21014;0553250426;10
21014;0553250531;9
21014;0553268880;5
21014;0671041789;7
21014;0679746048;7
21014;067976402X;7
22625;0060930535;9
22625;0060987561;10
22625;0142001740;9
22625;0316601950;10
22625;0316666343;10
22625;0316769487;10
22625;0345443284;10
22625;0375706771;10
22625;0375727345;9
22625;0385484518;10
22625;0385722206;9
22625;0439064864;10
22625;043935806X;10
22625;0452282829;8
22625;0553250531;10
22625;059035342X;10
22625;067976402X;10
22625;0679781587;10
22625;0743237188;9
22625;0786868716;9
23768;0060934417;8
23768;0061009059;8
23768;0316666343;7
23768;0380718340;8
23768;0385505833;6
23768;0743418174;7
23872;0312924585;10
23872;0345313860;10
23872;0345337662;9
23872;0345361792;6
23872;034538475X;8
23872;0439064864;10
23872;0439136350;10
23872;0439139597;10
23872;0440211727;9
23872;0446606812;7
23872;068484477X;8
23902;014028009X;9
23902;0140298479;10
23902;0312924585;5
23902;0345361792;10
23902;0345370775;7
23902;044021145X;5
23902;0440220602;5
23902;044023722X;6
23902;0446310786;7
23902;0553279912;7
23902;068484267X;7
23902;1573229326;8
25409;0312983867;9
25409;0385335482;9
25409;0439139597;10
25409;043935806X;10
25409;0743418174;10
25981;0312265867;10
25981;0312966091;10
25981;0312971346;10
25981;0312980140;10
25981;0312983867;10
25981;0375504397;10
25981;0440236673;5
25981;0446606812;5
27472;0060928336;10
27472;0316284955;7
27472;0316666343;10
27472;044021145X;8
27472;0440498058;10
27472;0446310786;10
27472;0446605239;7
27472;0446610038;8
27472;0553268880;9
27472;0553279912;5
27472;067976402X;8
28177;0060930535;10
28177;0060976845;5
28177;0060987103;8
28177;0156027321;9
28177;0375700757;7
28177;0375707972;6
28177;0375727345;10
28177;0385484518;9
28177;0671041789;6
28177;0679746048;7
28634;014028009X;7
28634;0312924585;10
28634;0316666343;10
28634;0345370775;9
28634;0425147622;10
28634;0440206154;10
28634;044021145X;10
28634;0440211727;10
28634;0440214041;10
28634;0440220602;10
28634;0440221471;10
28634;0440224675;10
28634;044023722X;9
28634;044651652X;10
28634;0446608955;10
28634;0671041789;10
28634;068484267X;10
29259;0060502258;7
29259;0142001740;10
29259;0345313860;10
29259;0345337662;10
29259;0345370775;5
29259;0380718340;10
29259;0425147622;10
29259;044021145X;9
29259;0452282152;9
29526;0312195516;10
29526;0316569321;10
29526;0385505833;10
29526;0439064864;10
29526;0439136350;10
29526;0439139597;10
29526;0590353403;10
30276;0061009059;7
30276;0316601950;6
30276;0385504209;8
30276;0446610038;8
30276;068484267X;7
30276;0804106304;6
30533;0060930535;8
30533;0375726403;9
30533;0385492081;8
30533;0440226430;7
30533;0440234743;6
30533;059035342X;9
30533;0671003755;7
30533;068484477X;8
30533;0804106304;8
30533;0804114986;8
30735;0060502258;8
30735;0312195516;10
30735;0312966970;10
30735;0312971346;10
30735;0380002930;9
30735;0385484518;10
30735;0439064864;9
30735;0439064872;9
30735;0439136350;9
30735;0439139597;10
30735;043935806X;10
30735;0553250426;9
30735;0553271636;10
30735;0553279556;10
30735;0553279912;10
30735;0553280341;10
30735;0553280368;10
30735;0553284789;10
30735;0590353403;10
30735;059035342X;10
30735;0671021001;8
30972;0060928336;10
30972;0316601950;9
30972;0375707972;8
30972;044021145X;8
30972;044023722X;9
30972;0446601241;7
30972;0446606812;6
30972;0452282829;9
30972;0553268880;8
31315;0345313860;10
31315;0375727345;9
31315;0440214041;6
31315;0440234743;10
31315;0553250531;10
31393;0060930535;8
31393;0140293248;6
31393;0142001740;8
31393;0345361792;10
31393;0375706771;8
31393;0385720106;5
31393;0439064872;10
31393;0452282829;8
31393;059035342X;10
31393;0804114986;8
31826;0385504209;10
31826;0451156609;10
31826;0451167317;10
31826;0451172817;10
31826;0451176464;10
31826;0451184963;9
31826;067102423X;10
32440;0142001740;9
32440;0156027321;9
32440;0312976275;5
32440;0375727345;8
32440;0446606812;6
32440;0452282152;9
32440;0684874350;9
33818;0060502258;8
33818;0316601950;10
33818;0440211727;8
33818;0451156609;7
33818;0451176464;9
33818;0451184963;8
33818;0671021001;8
33818;0679746048;9
35857;0312278586;5
35857;0316601950;9
35857;0345370775;9
35857;0345443284;8
35857;0375706771;8
35857;0375727345;5
35857;0399501487;9
35857;044022165X;5
35857;0440226430;3
35857;0743418174;6
35859;0060502258;7
35859;0060934417;9
35859;0061009059;10
35859;0142001740;9
35859;0312195516;10
35859;0312278586;8
35859;0312966091;9
35859;0312971346;9
35859;0312980140;8
35859;0316666343;6
35859;0375700757;7
35859;0375707972;6
35859;0380718340;8
35859;038079487X;8
35859;0385722206;8
35859;044021145X;10
35859;0446610038;7
35859;0451156609;7
35859;0451167317;8
35859;0553279556;8
35859;059035342X;10
35859;0671001795;8
35859;068484477X;10
35859;0743418174;7
35859;0804106304;8
35859;0842329129;9
36606;0060928336;9
36606;014029628X;8
36606;0142001740;10
36606;0312305060;5
36606;0375504397;5
36606;0440220602;10
36606;0446605239;10
36606;0449212602;9
36606;0590353403;10
36606;0679781587;5
36606;0786868716;10
36907;0060392452;10
36907;0060987561;10
36907;0140298479;10
36907;0156027321;10
36907;0316601950;4
36907;0380002930;10
36907;0385484518;10
36907;0439136350;10
36907;0671021001;10
36907;0743237188;10
36907;0786868716;7
36907;0804106304;8
36907;0804114986;9
37712;0060934417;10
37712;0060987103;9
37712;014028009X;10
37712;014029628X;9
37712;0142001740;9
37712;0345370775;8
37712;0375727345;4
37712;0385504209;6
37712;0385720106;7
37712;0446310786;10
37712;0452282152;8
37712;0553279912;4
37712;0671027360;7
37712;067976402X;9
37712;068484477X;7
37950;0312966970;8
37950;0312983867;7
37950;0345337662;5
37950;0399501487;9
37950;0439064872;8
37950;044021145X;6
37950;0440214041;7
37950;0440220602;4
37950;044022165X;7
37950;0446310786;9
37950;0451167317;7
37950;0451172817;7
37950;0451176464;7
37950;0553250531;6
37950;0553280341;8
37950;0553284789;9
37950;0679781587;9
38273;0060976845;5
38273;0312976275;5
38273;0312980140;7
38273;0316601950;7
38273;0440225701;5
38273;044023722X;5
38273;0553271636;5
39281;0375727345;9
39281;0380718340;8
39281;0385504209;10
39281;044651652X;9
39281;0446672211;10
39281;0743237188;9
40889;0060928336;9
40889;0385484518;10
40889;0440220602;8
40889;0440224764;10
40889;0440225701;8
40889;0446606812;10
40889;0786868716;5
43246;014028009X;8
43246;0312305060;7
43246;0312966970;10
43246;0312980140;5
43246;0316096199;9
43246;0345443284;9
43246;0375727345;8
43246;0380718340;10
43246;0385484518;10
43246;0385722206;8
43246;0446605239;9
43246;0446606812;9
43246;0446608955;9
43246;0446610038;9
43246;0609804138;5
43246;0671001795;9
43246;067976402X;10
43246;0679781587;8
43246;1400031354;9
43687;0312195516;8
43687;0312966091;9
43687;0345313860;7
43687;0345337662;8
43687;0345370775;7
43687;034538475X;7
43687;0553250426;8
43687;0553250531;7
43687;0671001795;9
43687;0671027360;7
43687;0679751521;8
43687;1400034779;6
43842;0060934417;5
43842;0312265867;10
43842;0312278586;5
43842;0312924585;10
43842;0312980140;10
43842;0316096199;10
43842;0345361792;10
43842;0375726403;3
43842;0375727345;5
43842;0440206154;10
43842;0446606812;10
43842;0842329129;8
43910;0316776963;7
43910;0446672211;8
43910;0671003755;10
43910;0679746048;7
43910;0743418174;8
46398;0156027321;9
46398;0316569321;8
46398;0316666343;6
46398;0345361792;10
46398;0345370775;8
46398;0375706771;9
46398;0375707972;8
46398;0385484518;3
46398;0446605239;4
46398;0452282152;6
46398;0553271636;7
46398;0553279556;7
46398;0553280341;6
46398;0553284789;7
46398;068484267X;9
46909;0312265867;10
46909;0440224764;7
46909;0671001795;10
47316;0312983867;8
47316;0439064872;10
47316;0440213525;10
47316;0553250531;9
47316;0842329129;10
47316;1400034779;10
48025;0312924585;9
48025;0375727345;6
48025;0425147622;9
48025;0440213525;7
48025;0440220602;9
48025;044023722X;8
48046;0156027321;10
48046;0345313860;7
48046;0385504209;10
48046;0671003755;9
52584;0140293248;10
52584;0316601950;9
52584;0316666343;9
52584;038079487X;9
52584;0385492081;9
52584;0440224675;10
52584;0446606812;7
52584;0446672211;8
52584;0451184963;10
52584;0609804138;7
52584;0743418174;10
52584;0804106304;7
53174;0312195516;10
53174;0312924585;10
53174;0316601950;10
53174;0345313860;9
53174;0375707972;10
53174;0385504209;10
53174;0440206154;10
53174;0446605239;10
53174;0451172817;10
53174;0553268880;9
53174;0679746048;9
53220;0380718340;8
53220;0440236673;10
53220;0446601241;10
53220;0446610038;10
53220;0553279556;9
53220;0553280368;8
55187;0399501487;8
55187;0446310786;10
55187;0446610038;10
55187;0446672211;8
55187;0671001795;10
55187;067976402X;10
55490;0345313860;10
55490;0345337662;7
55490;034538475X;7
55490;0375504397;10
55490;0446601241;10
55490;0451156609;8
55492;0060502258;5
55492;0064407667;10
55492;0312305060;4
55492;0439064864;10
55492;0439136350;10
55492;0439139597;10
55492;043935806X;9
55492;044651652X;7
55492;0452282152;8
55492;059035342X;10
56399;0345361792;9
56399;0345370775;10
56399;0399501487;7
56399;0451169530;10
56399;0553250426;10
56399;0553250531;10
56447;0060928336;8
56447;0312278586;7
56447;0316666343;8
56447;0316776963;7
56447;0439064872;8
56447;059035342X;7
56447;0671003755;8
56447;0671041789;10
56447;0842329129;6
56554;0140293248;6
56554;0142001740;10
56554;0446605239;10
56554;0446606812;9
56554;0451169530;10
56554;0451176464;9
56554;0671021001;7
56856;0060392452;8
56856;0316769487;9
56856;0399501487;5
56856;044021145X;7
56856;0440214041;7
56856;0440220602;9
56856;0440221471;8
56856;044022165X;10
56856;0440224764;7
56856;0446672211;8
56856;0684874350;10
56959;0312924585;10
56959;0316666343;8
56959;0316776963;10
56959;0439136350;10
56959;0440498058;10
56959;0553279556;10
56959;0671001795;10
56959;0679751521;8
56959;068484267X;10
59172;0446310786;10
59172;0451156609;10
59172;0451167317;7
59172;0451172817;10
59172;0451184963;5
60244;0060392452;8
60244;0060502258;8
60244;0060928336;8
60244;0060987103;7
60244;0140293248;8
60244;014029628X;8
60244;0140298479;8
60244;0142001740;8
60244;0312195516;7
60244;0312278586;8
60244;0312966091;9
60244;0312966970;9
60244;0316284955;8
60244;0316769487;7
60244;0375700757;6
60244;0375727345;7
60244;0385335881;8
60244;0385505833;8
60244;0385720106;8
60244;0451169530;4
60244;0553280341;9
60244;0609804138;8
60244;0671001795;9
60244;0679746048;7
60244;0679751521;7
60244;0679781587;8
60244;068484267X;9
60244;0743237188;8
60244;0743418174;8
60244;0804106304;8
60244;0804114986;8
60244;0842329129;5
60244;1400034779;9
62862;0060928336;6
62862;0060930535;10
62862;0312195516;10
62862;0312278586;8
62862;0316666343;6
62862;0345443284;8
62862;0375727345;8
62862;0385335482;8
62862;0446672211;10
62862;0671027360;8
62891;014028009X;9
62891;0316666343;6
62891;0345370775;8
62891;0440206154;7
62891;0440224675;5
62891;044651652X;7
62891;0684874350;3
64436;0060502258;9
64436;0060934417;7
64436;0061009059;7
64436;0345361792;8
64436;0345443284;3
64436;0375706771;6
64436;0375726403;10
64436;0385505833;8
64436;1400031354;7
66680;0385505833;5
66680;0385720106;6
66680;0451156609;6
66942;0060987561;7
66942;0142001740;7
66942;0312924585;7
66942;0316666343;8
66942;0345370775;9
66942;0385265700;6
66942;0439064872;9
66942;0439136350;9
66942;0439139597;9
66942;043935806X;7
66942;0440224675;6
66942;0446310786;10
66942;0451167317;8
66942;059035342X;9
66942;0671021001;8
66942;0671041789;7
66942;0804106304;10
66942;0804114986;2
66942;1573229326;1
68555;0060928336;10
68555;014028009X;4
68555;0312195516;10
68555;0385504209;10
68555;0440214041;8
68555;0440220602;7
68555;0440221471;7
68555;0440224764;7
68555;0440225701;7
68555;0440236673;7
68555;044023722X;4
68555;0446605239;8
68555;0671041789;9
69078;0060915544;8
69078;0312278586;5
69078;0316666343;7
69078;0375700757;9
69078;0671003755;7
69078;0679781587;8
69078;068484477X;8
69078;0684874350;9
69078;0743418174;6
69389;0312265867;9
69389;0312305060;9
69389;0312966091;9
69389;0312966970;9
69389;0312971346;9
69389;0312976275;9
69389;0316569321;9
69389;0439064864;8
69389;0439136350;8
69389;0439139597;8
69389;043935806X;8
69389;0446610038;8
69389;0553271636;8
69389;0553279556;8
69389;0553279912;8
69389;0553280341;8
69389;0553280368;8
69389;0553284789;8
69389;0590353403;8
69389;0671001795;9
69971;0142001740;9
69971;0156027321;8
69971;0385722206;9
69971;044023722X;3
69971;0804106304;8
69971;1400031354;8
70666;0316769487;9
70666;0345370775;7
70666;0385484518;10
70666;0440211727;9
70666;0440213525;9
70666;0440221471;10
70666;044022165X;6
70666;0440225701;9
70666;0440234743;7
70666;0440236673;7
70666;0446605239;5
70666;067102423X;5
73044;0060930535;9
73044;0140298479;8
73044;0142001740;9
73044;0312195516;10
73044;0312305060;8
73044;0316601950;7
73044;0345361792;8
73044;0345443284;7
73044;038079487X;8
73044;0385484518;5
73044;0446608955;8
73044;0609804138;6
73044;0679781587;10
73681;0156027321;9
73681;0385504209;7
73681;0385722206;9
73681;0439064864;10
73681;0439136350;10
73681;0439139600;10
73681;0451167317;9
73681;0451176464;9
73681;0553250531;6
73681;0590353403;10
73681;067102423X;9
73681;0679751521;9
73681;0679781587;7
73681;0804106304;7
75591;0060392452;10
75591;0060976845;7
75591;0375727345;6
75591;0385722206;7
75591;0439064864;10
75591;059035342X;10
75591;0609804138;10
75591;0679746048;10
75819;0316666343;9
75819;0316769487;2
75819;0385504209;10
75819;0439064864;7
75819;0439139597;7
75819;043935806X;10
75819;0440206154;9
75819;0440234743;7
75819;0440236673;9
75819;0590353403;9
75819;0671041789;5
75819;0786868716;6
76151;0312265867;10
76151;0312980140;10
76151;0316569321;10
76151;0316666343;10
76151;0385484518;10
76151;0385505833;10
76151;0553268880;10
76151;067976402X;1
76626;0064407667;8
76626;0156027321;9
76626;0380002930;10
76626;043935806X;7
76626;0440206154;5
76626;0440498058;10
76626;0446310786;10
78783;0060987529;5
78783;0140293248;7
78783;0316666343;10
78783;0345443284;8
78783;0380718340;9
78783;038079487X;8
78783;0385335482;8
78783;0385335881;9
78783;0385720106;9
78783;0425147622;10
78834;014028009X;7
78834;0316769487;10
78834;0316776963;10
78834;0380002930;10
78834;0399501487;10
78834;043935806X;10
78834;0679751521;7
78973;0140298479;9
78973;0380718340;8
78973;0385335881;9
78973;0439139600;10
78973;0440234743;7
78973;0451167317;7
78973;0451176464;9
78973;0451184963;8
78973;0743418174;9
81597;0316666343;8
81597;0345337662;8
81597;0380718340;8
81597;0425147622;8
81597;067976402X;9
81597;0679781587;9
83287;0385492081;9
83287;0446610038;10
83287;0553279912;10
83287;0553280368;10
83287;0743418174;6
83671;0060928336;10
83671;0060976845;9
83671;0060987103;9
83671;034538475X;7
85526;0060930535;8
85526;0312195516;8
85526;0375726403;9
85526;0385720106;8
85526;044651652X;5
85526;0452282152;7
85526;0553250426;8
85526;0679781587;8
85526;068484267X;8
85757;0060392452;7
85757;0060976845;6
85757;0312278586;8
85757;0312305060;9
85757;0385335482;6
85757;0385335881;6
85757;0671027360;5
85757;067976402X;9
85757;1573229326;9
86189;0142001740;6
86189;0156027321;8
86189;0316666343;8
86189;0375727345;8
86189;0385504209;3
86189;044021145X;8
86189;067976402X;5
87141;0312924585;9
87141;044021145X;8
87141;0440211727;8
87141;0440213525;8
87141;0440220602;8
87141;0440236673;8
87141;059035342X;10
87141;0842329129;8
87555;0060392452;10
87555;0345313860;8
87555;0345337662;7
87555;034538475X;3
87555;0385484518;10
87555;0439139597;9
87555;0449212602;10
88693;0312195516;7
88693;0312278586;8
88693;0375726403;8
88693;0385504209;8
88693;0452282152;8
88693;0452282829;8
88693;0671003755;7
88693;0671027360;7
88693;067976402X;7
88693;1400031354;9
88733;0060915544;8
88733;0060928336;8
88733;0439064872;10
88733;0439139597;9
88733;0439139600;10
88733;043935806X;8
88733;044021145X;7
88733;0440498058;10
88733;0446672211;8
88733;059035342X;10
88733;0679781587;10
89602;0060934417;7
89602;0060987103;6
89602;0060987529;8
89602;014028009X;5
89602;0142001740;9
89602;0316666343;8
89602;0316776963;8
89602;0345361792;8
89602;0375726403;6
89602;0375727345;5
89602;0380002930;5
89602;0385504209;8
89602;0446310786;9
89602;0452282829;5
89602;0671027360;7
89602;0679746048;5
89602;0679781587;5
89602;0743418174;7
89602;0786868716;6
89602;1400031354;8
89602;1400034779;8
89602;1573229326;5
91103;0316284955;7
91103;0316666343;9
91103;0345443284;6
91103;0385505833;8
91103;044021145X;7
91103;044651652X;6
91103;0671021001;7
91103;0671041789;9
91103;067976402X;5
91113;0060987103;9
91113;0140298479;8
91113;0156027321;8
91113;0312195516;8
91113;0312983867;8
91113;0316096199;9
91113;0345361792;10
91113;0375726403;9
91113;0440221471;8
91113;0743237188;8
91113;1573229326;9
92810;0312976275;7
92810;0385504209;9
92810;059035342X;7
92810;0671027360;6
93047;0064407667;7
93047;0345337662;7
93047;0439064864;8
93047;0439139597;7
93047;0449212602;7
93047;0553572997;7
94347;0060392452;6
94347;0140293248;7
94347;0316776963;6
94347;0375706771;8
94347;0375727345;9
94347;0385720106;7
95359;0060392452;10
95359;0060915544;9
95359;0060934417;9
95359;0060976845;7
95359;0060987529;7
95359;0061009059;8
95359;0140293248;8
95359;0312195516;7
95359;0312278586;9
95359;0312305060;10
95359;0316096199;9
95359;0316284955;6
95359;0316601950;10
95359;0316666343;9
95359;0316769487;8
95359;0345361792;10
95359;0345370775;9
95359;0375707972;6
95359;0375726403;9
95359;0375727345;7
95359;0380718340;8
95359;0385265700;8
95359;0385492081;10
95359;0399501487;10
95359;043935806X;10
95359;0440226430;6
95359;0440236673;7
95359;0440498058;10
95359;0446310786;10
95359;0446601241;8
95359;0446610038;8
95359;0449212602;10
95359;0553268880;8
95359;0553279912;4
95359;0553572997;9
95359;0609804138;10
95359;0671003755;8
95359;0671027360;9
95359;0679751521;10
95359;1400031354;9
95932;0060928336;8
95932;0060987529;7
95932;0316776963;8
95932;0345313860;8
95932;0380002930;10
95932;044021145X;7
95932;0440214041;7
95932;0440498058;9
95932;0449212602;10
95932;0743418174;7
96357;0060928336;8
96357;0316601950;9
96357;0316769487;9
96357;0345370775;7
96357;0385720106;9
96357;0399501487;8
96357;0446606812;8
96357;0553572997;8
96357;0804106304;9
96357;0842329129;9
98391;0312265867;10
98391;0312305060;8
98391;0316666343;9
98391;0375504397;10
98391;0385504209;10
98391;0786868716;10
98787;0060934417;9
98787;0316096199;8
98787;0316776963;9
98787;0385484518;8
98787;0385720106;8
98787;0440226430;7
98787;0553280341;7
98787;0553280368;7
98787;0671041789;9
98787;0804114986;7
98787;1400031354;9
98904;0060502258;10
98904;0316569321;7
98904;0316666343;10
98904;0380718340;7
98904;038079487X;8
98904;043935806X;5
98904;0451156609;7
98904;0451172817;10
98904;0451176464;8
98904;0679746048;7
98904;068484267X;10
100459;0060392452;9
100459;0375727345;8
100459;0380718340;9
100459;038079487X;9
100459;0385720106;8
100459;0440211727;10
100459;0446310786;9
100459;0452282829;8
100459;0671021001;8
100459;0804114986;10
100846;0312966091;8
100846;0312976275;9
100846;0375707972;8
100846;0385504209;8
100846;0440226430;8
100846;059035342X;8
100846;0671003755;8
100846;0671027360;8
100846;0679781587;8
100906;0140298479;7
100906;0439064864;8
100906;0439136350;9
100906;0439139600;9
100906;043935806X;7
100906;0553572997;8
100906;0590353403;8
100906;0684874350;8
101305;0060934417;8
101305;014028009X;7
101305;0312195516;5
101305;0375726403;5
101305;0385504209;6
101305;0679781587;6
101305;0684874350;7
101606;0060928336;8
101606;0060976845;6
101606;0345313860;7
101606;0345337662;8
101606;034538475X;7
101606;0385492081;9
101606;0446672211;9
101606;0679751521;9
101606;1573229326;7
101851;0312924585;7
101851;0399501487;8
101851;0439064864;10
101851;0439136350;10
101851;0439139597;10
101851;043935806X;10
101851;0440211727;9
101851;0590353403;10
101851;059035342X;10
101851;0804106304;10
101876;0060976845;8
101876;0316601950;8
101876;0345313860;7
101876;0345361792;10
101876;0440213525;8
101876;044651652X;8
101876;0446605239;7
101876;0553279912;9
101876;0553280368;9
101876;0671021001;10
101876;067976402X;8
101876;068484267X;10
102647;0345361792;7
102647;0385505833;8
102647;0439064864;7
102647;0439136350;7
102647;043935806X;9
102647;044021145X;10
102647;0440211727;10
102647;0440213525;8
102647;0440214041;8
102647;0440220602;9
102647;0440221471;9
102647;044022165X;10
102647;0440225701;8
102647;0446310786;4
102647;0451172817;7
102647;0671001795;8
104636;0061009059;9
104636;014028009X;6
104636;0312966091;9
104636;0312966970;9
104636;0312971346;9
104636;0312976275;9
104636;0312980140;9
104636;0316284955;8
104636;0316601950;9
104636;0380718340;8
104636;0385505833;8
104636;0439064872;10
104636;0439139600;10
104636;044021145X;10
104636;0440211727;10
104636;0440213525;9
104636;0440214041;9
104636;0440220602;9
104636;044022165X;8
104636;0440224764;8
104636;0440225701;6
104636;0440226430;10
104636;0446610038;10
104636;0446672211;10
104636;0553271636;9
104636;0553279556;9
104636;0553279912;9
104636;0553280341;8
104636;0553280368;8
104636;0553284789;9
104636;0553572997;9
104636;059035342X;10
104636;0671001795;9
104636;0671003755;8
104665;0061009059;6
104665;0312966091;6
104665;0316096199;9
104665;0345370775;5
104665;0345443284;8
104665;0380718340;8
104665;044021145X;7
104665;0440211727;8
104665;0440214041;7
104665;044022165X;7
104665;044023722X;8
104665;044651652X;8
104665;0451169530;7
104665;0451176464;7
104665;059035342X;9
104665;0671003755;10
105028;0060987561;9
105028;0312924585;8
105028;0345370775;8
105028;0399501487;9
105028;0439064872;8
105028;0440211727;8
105028;0440213525;8
105028;0440224675;8
105028;0440224764;7
105028;0446601241;7
105028;0446606812;6
105028;0451172817;7
105028;0451176464;7
105028;059035342X;8
105517;0316284955;7
105517;0316666343;9
105517;0345361792;10
105517;0380002930;8
105517;0385484518;10
105517;0439064872;8
105517;0439139600;6
105517;043935806X;4
105517;0440214041;5
105517;0440498058;7
105517;0451167317;5
105517;0553572997;4
105979;0060915544;7
105979;0060930535;9
105979;0060976845;8
105979;0140293248;7
105979;0312278586;8
105979;0316096199;10
105979;0316601950;8
105979;0316666343;8
105979;0345361792;8
105979;0385265700;9
105979;0385335881;6
105979;0385484518;10
105979;0385492081;8
105979;0385504209;5
105979;0385722206;8
105979;044021145X;8
105979;0440213525;6
105979;0440214041;5
105979;0440221471;5
105979;044022165X;5
105979;0440234743;5
105979;0446310786;10
105979;0446606812;1
105979;0446672211;4
105979;0671003755;6
105979;0679781587;10
105979;068484477X;10
105979;0743418174;9
105979;0786868716;7
106225;014029628X;9
106225;0142001740;8
106225;0316284955;8
106225;0316666343;8
106225;0385484518;9
106225;0440220602;8
106225;0440236673;6
106225;044023722X;9
106225;0452282152;10
106225;0743418174;8
107784;0060930535;9
107784;0316096199;4
107784;034538475X;5
107784;0375706771;5
107784;0385504209;10
107784;044021145X;8
107784;0440220602;8
107784;044022165X;8
107784;0440234743;9
107784;0446608955;5
107784;0451167317;7
107784;0451172817;8
107784;0553250426;10
107784;059035342X;5
107784;0671041789;10
109901;0451156609;10
109901;0451167317;10
109901;0451169530;10
109901;0451172817;10
109901;0451176464;10
109901;0451184963;10
109901;0786868716;6
110912;0060392452;10
110912;0060928336;8
110912;0060976845;8
110912;014028009X;10
110912;014029628X;9
110912;0312195516;9
110912;0316601950;9
110912;0345361792;10
110912;0385484518;10
110912;0385722206;10
110912;0439064864;10
110912;0439139597;10
110912;0440226430;10
110912;0446601241;10
110912;0446610038;9
110912;0449212602;8
110912;0553250426;10
110912;0553250531;10
110912;0671027360;9
110912;068484477X;10
110912;0684874350;9
110912;0786868716;10
110912;0804114986;10
110912;1400031354;10
110912;1400034779;10
110934;0060502258;9
110934;0060987103;9
110934;0060987529;7
110934;0060987561;10
110934;0064407667;8
110934;0312966091;9
110934;0312966970;9
110934;0312971346;9
110934;0312976275;9
110934;0312980140;9
110934;0312983867;9
110934;0345337662;9
110934;0345361792;10
110934;0375700757;7
110934;0439064864;9
110934;0439136350;9
110934;0439139597;10
110934;0440211727;8
110934;0446310786;10
110934;0671001795;9
110934;068484477X;8
110934;1400031354;9
110934;1400034779;9
110934;1573229326;8
110973;0060502258;10
110973;0060976845;9
110973;0316569321;9
110973;0375504397;9
110973;0439064872;8
110973;0452282152;6
110973;0553572997;9
110973;0671027360;7
110973;0679781587;9
110973;068484477X;8
112001;0060930535;10
112001;0316666343;9
112001;0345313860;10
112001;0375504397;10
112001;0375700757;10
112001;0375726403;9
112001;0440211727;10
112001;0440225701;9
112001;044023722X;9
112001;0451169530;10
112001;0671003755;9
112001;0786868716;10
113270;0060915544;10
113270;0060930535;8
113270;0060934417;10
113270;0060987561;10
113270;0316666343;9
113270;0385492081;9
113270;0385720106;10
113270;0446608955;10
113270;0446672211;8
113270;0553250426;10
113270;0553250531;10
113270;067976402X;10
113270;0743418174;8
113270;1400031354;8
113270;1400034779;8
113519;0312195516;9
113519;0316666343;9
113519;0345443284;8
113519;0375706771;8
113519;0375707972;8
113519;0446310786;10
113519;0446672211;9
113519;0452282152;10
113519;067976402X;9
113519;0679781587;9
113519;0684874350;10
113519;0804106304;9
114368;0316666343;5
114368;0345313860;5
114368;0345337662;5
114368;034538475X;5
114368;0385505833;10
114368;0439064864;5
114368;0440211727;10
114368;0440226430;5
114368;0590353403;5
114544;0060928336;4
114544;0060930535;5
114544;0060987561;10
114544;014028009X;7
114544;0316096199;5
114544;0316284955;8
114544;0316601950;6
114544;0375700757;6
114544;0375706771;7
114544;0375707972;7
114544;0375726403;8
114544;0375727345;8
114544;0385265700;7
114544;0385720106;6
114544;0440226430;8
114544;044023722X;7
114544;0446672211;6
114544;0452282829;7
114544;0671021001;10
114544;0804114986;9
114868;0060392452;8
114868;0060915544;7
114868;014028009X;10
114868;0375707972;8
114868;038079487X;8
114868;0385335482;8
114868;0385504209;8
114868;044021145X;9
114868;044022165X;7
114868;0671003755;8
114988;0312265867;6
114988;0375700757;5
114988;044022165X;4
114988;0452282152;7
114988;1400031354;7
114988;1400034779;7
115003;0060915544;8
115003;0060987103;5
115003;0061009059;7
115003;0156027321;10
115003;0312195516;8
115003;0316569321;8
115003;0316666343;8
115003;0375700757;8
115003;0375706771;9
115003;0375726403;7
115003;0385265700;8
115003;0385504209;9
115003;0385722206;8
115003;0446310786;10
115003;0452282829;6
115003;0671001795;7
115003;0671003755;8
115003;0671021001;8
115003;0679751521;8
115003;068484477X;9
115003;0743237188;6
115003;1400031354;9
115435;0060987103;10
115435;0316569321;8
115435;0375706771;7
115435;0385492081;10
115435;0425147622;8
115435;0440206154;9
115435;0446610038;8
115435;0671041789;9
115572;0060930535;9
115572;0312195516;10
115572;0345337662;10
115572;0439064864;10
115572;0439136350;9
115572;0439139600;10
115572;043935806X;10
115572;0440498058;8
115572;0446672211;8
115572;0590353403;10
121170;0060987103;9
121170;0060987529;7
121170;014029628X;8
121170;0142001740;5
121170;0312305060;9
121170;0316769487;8
121170;0316776963;8
121170;0375700757;6
121170;038079487X;8
121170;0385492081;10
121170;0385722206;8
121170;0451169530;10
121170;0452282152;8
121170;0743237188;7
121170;0743418174;7
121170;1573229326;7
122793;0312195516;10
122793;0375707972;9
122793;0446601241;8
122793;0449212602;10
122793;068484477X;8
122793;0743237188;6
122793;0786868716;10
122793;0804106304;9
123095;0312305060;10
123095;0345443284;9
123095;0375726403;7
123095;0375727345;10
123095;0446605239;10
123095;0446672211;10
123095;0842329129;10
123095;1573229326;8
123544;0345370775;7
123544;0380002930;8
123544;044021145X;3
123544;0440211727;9
123544;0440220602;8
123544;0449212602;8
123544;0451156609;6
123883;0345370775;5
123883;0446310786;5
123883;0446605239;5
123883;0446608955;5
123981;0312924585;9
123981;0316776963;10
123981;038079487X;10
123981;0440224764;7
123981;0451156609;7
123981;0451176464;8
123981;0553572997;9
124487;0440226430;9
124487;0440234743;10
124487;0440236673;10
124487;0446606812;5
124874;0060930535;10
124874;0312195516;10
124874;0312278586;9
124874;0316769487;10
124874;0375706771;8
124874;0385484518;10
124874;0452282829;5
124874;0671003755;10
124876;0375504397;9
124876;0439064864;10
124876;0439136350;10
124876;0439139597;10
124876;0553250531;10
124876;0590353403;10
125519;044021145X;10
125519;0440213525;10
125519;0440214041;10
125519;0440220602;8
125519;0440224764;8
125519;0440225701;9
125519;0440234743;8
125519;044023722X;8
125519;0446601241;9
125519;0446610038;10
126296;0140298479;8
126296;0316666343;9
126296;044023722X;6
126296;0553280368;7
126296;0743418174;8
126492;0060928336;6
126492;0064407667;10
126492;0312924585;10
126492;0345313860;9
126492;0345337662;10
126492;034538475X;7
126492;0375504397;10
126492;0399501487;9
126492;0440206154;7
126492;044021145X;8
126492;0440211727;7
126492;0440213525;6
126492;0440214041;8
126492;0440221471;8
126492;0440224675;8
126492;0440236673;7
126492;0451156609;7
126492;0451167317;7
126492;0451169530;10
126492;0451176464;6
126492;0671021001;8
126492;067102423X;10
126492;0671041789;10
126736;0439064872;5
126736;044021145X;6
126736;0440211727;6
126736;0440213525;6
126736;0440220602;5
126736;044022165X;6
126736;0446601241;8
126736;0553572997;5
126736;059035342X;5
127826;0385492081;9
127826;044021145X;8
127826;044022165X;8
127826;0440224764;8
127826;067976402X;7
128085;0060928336;8
128085;0385504209;10
128085;0446610038;10
128085;0449212602;8
128085;0671027360;9
128835;0345370775;8
128835;0385492081;9
128835;0451156609;8
128835;0553279912;8
128835;067102423X;9
128835;0679751521;5
129084;0142001740;10
129084;0312924585;9
129084;0380718340;8
129084;0440226430;8
129084;0446601241;8
129084;0452282829;8
129084;0671021001;8
129716;0312195516;9
129716;0316769487;9
129716;0345313860;9
129716;0345337662;9
129716;034538475X;8
129716;0380002930;9
129716;0449212602;10
129716;0679781587;10
129716;0684874350;9
130571;0060934417;9
130571;0060987103;6
130571;0061009059;8
130571;0316666343;8
130571;0375706771;8
130571;0385492081;9
130571;0446672211;9
130571;0553284789;8
130571;0786868716;6
133747;0312278586;5
133747;0312305060;8
133747;0316569321;7
133747;0385335482;7
133747;0385492081;9
133747;0399501487;7
133747;067976402X;8
133747;1573229326;5
134434;0156027321;7
134434;0312924585;7
134434;0440213525;5
134434;0440221471;6
134434;0440224675;8
134434;044023722X;6
135045;0060502258;9
135045;0060928336;9
135045;0312966091;9
135045;0312966970;9
135045;0312971346;9
135045;0345370775;9
135045;0440206154;8
135045;044021145X;8
135045;0440211727;8
135045;0449212602;10
135045;059035342X;10
135045;0679781587;10
135149;0060930535;6
135149;0060987529;7
135149;0061009059;7
135149;0064407667;8
135149;0140293248;8
135149;0385265700;9
135149;0399501487;8
135149;043935806X;9
135149;0440211727;8
135149;0440213525;8
135149;0440214041;8
135149;0440220602;7
135149;0440224764;8
135149;0440226430;9
135149;0440236673;8
135149;044023722X;8
135149;0446608955;9
135149;0452282152;9
135149;0609804138;7
135149;0679751521;9
135149;068484477X;8
135149;0804106304;7
135149;0804114986;8
136348;014029628X;8
136348;0312966091;6
136348;0671001795;6
136348;1400031354;8
136382;0060930535;3
136382;0312966091;8
136382;0312966970;8
136382;0312971346;8
136382;0312976275;6
136382;0312980140;8
136382;0312983867;6
136382;0375706771;8
136382;038079487X;7
136382;0385505833;9
136382;0440225701;4
136382;0446610038;8
136382;0553268880;5
136382;0553279912;5
136382;0679781587;10
136491;0142001740;10
136491;0316769487;10
136491;0345313860;9
136491;0345337662;9
136491;0375700757;8
136491;0385504209;10
136491;0439064864;8
136491;0439136350;9
136491;0439139597;8
136491;043935806X;9
136491;0440211727;10
136491;0446310786;8
136491;0452282152;10
136491;0590353403;8
137589;0060502258;8
137589;0060928336;9
137589;0060930535;9
137589;0345443284;7
137589;0375706771;8
137589;0385484518;8
137589;0439064872;8
137589;0439139600;8
137589;044021145X;8
137589;0440213525;7
137589;0440214041;7
137589;0440220602;6
137589;0440225701;7
137589;0440236673;7
137589;067976402X;8
137589;0804106304;8
138543;0060930535;9
138543;0060987529;9
138543;0064407667;7
138543;014029628X;8
138543;0345313860;9
138543;034538475X;7
138543;0446310786;10
138543;0553250426;7
138543;0743237188;8
138844;0060930535;9
138844;0060987103;9
138844;0064407667;9
138844;0316569321;7
138844;0316601950;9
138844;0375706771;10
138844;0375707972;9
138844;0375727345;10
138844;038079487X;5
138844;0385335881;10
138844;0385720106;8
138844;0452282829;8
138844;0671003755;7
138844;0743237188;10
138844;1400034779;9
139913;0316666343;8
139913;0345443284;9
139913;0446605239;10
139913;0452282152;4
139913;0553271636;9
139913;0553280341;4
139913;0553280368;10
139913;0553284789;10
139913;0786868716;10
140000;0060934417;9
140000;0312966970;9
140000;0316601950;8
140000;0316666343;10
140000;0375707972;7
140000;0385265700;7
140000;0440220602;8
140000;0446672211;10
140000;0553280341;7
140000;0609804138;5
140000;0671027360;6
140000;0743418174;6
140000;0842329129;8
140358;0060987561;5
140358;0316284955;5
140358;0345313860;5
140358;0345337662;5
140358;034538475X;5
140358;0375504397;5
140358;0375727345;5
140358;0385505833;5
140358;0425147622;5
140358;0439136350;5
140358;044021145X;5
140358;0440211727;5
140358;0440214041;5
140358;0440220602;5
140358;044022165X;5
140358;0440224764;5
140358;0451167317;5
140358;0451184963;5
140358;0452282829;5
140358;067102423X;5
140358;067976402X;5
140358;0679781587;5
140358;0743237188;5
141444;0316284955;8
141444;0316666343;5
141444;0375727345;9
141444;0425147622;5
141444;0440206154;6
141444;0440211727;5
141444;0440213525;5
141444;0440221471;5
141444;0446601241;5
141444;0446606812;5
141444;0446672211;7
141444;0451176464;5
141444;0553268880;5
141444;067102423X;6
141444;068484477X;8
141444;0743418174;8
141444;0804114986;8
141493;0060930535;6
141493;0140293248;6
141493;0312195516;9
141493;0312278586;8
141493;044021145X;8
141493;0440221471;8
141493;0440224764;8
141493;0446605239;10
141493;0671003755;7
141493;0786868716;7
141493;0842329129;10
141493;1400034779;9
141710;0060502258;10
141710;0312195516;9
141710;0385492081;8
141710;044023722X;7
141710;0553271636;6
141710;0553279912;6
141710;0553280341;7
141710;0553284789;8
141710;0684874350;10
141710;1400031354;7
141710;1400034779;8
142121;0060930535;9
142121;0060987529;7
142121;0140293248;7
142121;0312983867;3
142121;0345361792;10
142121;0375504397;8
142121;0440498058;10
142121;0446672211;9
142121;0671027360;7
142121;0679781587;10
142121;068484267X;10
142524;0060392452;8
142524;0060987103;9
142524;0345361792;10
142524;0375726403;10
142524;0385504209;10
142524;0385722206;9
144531;014029628X;8
144531;0312265867;9
144531;0312966091;9
144531;0312966970;9
144531;0312980140;9
144531;0316601950;8
144531;0316666343;9
144531;0440224764;8
144531;0440498058;8
144531;0671001795;9
144531;0743237188;8
144531;0743418174;8
144531;1573229326;7
147847;0312924585;5
147847;0312971346;9
147847;0345337662;5
147847;0375706771;5
147847;0375727345;5
147847;0385484518;9
147847;044021145X;5
147847;0446310786;5
147847;0446605239;9
147847;0446610038;5
148744;0060934417;8
148744;0316666343;8
148744;0375700757;9
148744;0385265700;10
148744;0399501487;9
148744;044021145X;10
148744;0440498058;9
148744;0679781587;10
148744;068484477X;8
148744;0842329129;8
149908;0064407667;4
149908;0553280368;7
149908;0553284789;7
149908;0743418174;7
150979;0060934417;9
150979;0060987103;6
150979;0064407667;8
150979;0316096199;9
150979;0316769487;7
150979;0385265700;5
150979;0440211727;8
150979;0440221471;9
150979;044022165X;7
150979;0452282152;9
150979;0609804138;7
150979;0679746048;8
150979;0684874350;7
153662;0060502258;10
153662;0061009059;9
153662;014028009X;9
153662;0316284955;9
153662;0375706771;9
153662;0375727345;5
153662;038079487X;9
153662;0439064872;10
153662;0439139597;10
153662;0439139600;10
153662;043935806X;10
153662;0440211727;10
153662;0440213525;10
153662;0440214041;9
153662;0451172817;8
153662;0553572997;10
153662;059035342X;10
153662;0671041789;10
153662;0679751521;10
153662;067976402X;10
153662;0804106304;9
153662;0842329129;9
153718;0439064872;8
153718;0439139600;10
153718;044021145X;8
153718;0440214041;8
153718;044651652X;8
153718;0446608955;10
153718;0452282829;5
153718;059035342X;8
153718;0671001795;10
154469;044021145X;10
154469;0440214041;10
154469;0440225701;10
154469;0451184963;6
156150;0140298479;8
156150;0380002930;10
156150;0380718340;8
156150;0439064872;10
156150;043935806X;8
156150;0440226430;7
156150;0671027360;6
156150;0679746048;8
156467;0380718340;10
156467;044021145X;10
156467;0440213525;10
156467;0440214041;10
156467;0440224764;5
156467;0440226430;10
156467;044023722X;10
157273;0060392452;9
157273;0060987529;6
157273;0312265867;8
157273;0316666343;8
157273;0385335482;6
157273;0385504209;9
157273;0439064872;9
157273;0553271636;8
157273;0553280341;8
157273;0553284789;8
157273;059035342X;9
157273;0804106304;8
158295;0312924585;9
158295;0312966091;7
158295;0312966970;7
158295;0312971346;7
158295;0316666343;7
158295;0345313860;8
158295;0375504397;7
158295;0385335482;5
158295;044021145X;6
158295;0440214041;6
158295;044022165X;6
158295;0446601241;5
158295;0451167317;7
158295;0553271636;7
158295;0553279556;7
158295;0553280368;6
158295;067102423X;8
158433;0380002930;10
158433;0385492081;9
158433;044021145X;7
158433;0440213525;7
158433;0440220602;7
158433;0440221471;8
158433;0446601241;8
158433;0451172817;7
158433;0451176464;7
158433;0451184963;8
158433;0553250426;8
158433;0553572997;9
158433;067102423X;7
159506;0312976275;7
159506;0439064872;8
159506;0439139600;9
159506;043935806X;8
159506;044021145X;8
159506;0440213525;8
159506;0440220602;7
159506;0440225701;8
159506;0440234743;8
159506;0451172817;8
159506;059035342X;7
160558;0060930535;5
160558;0375700757;4
160558;0451156609;4
160558;0451167317;9
160558;0451172817;7
160558;0451184963;9
160558;059035342X;10
160819;0060502258;10
160819;0140298479;10
160819;0316569321;10
160819;0375706771;10
160819;0375727345;10
160819;038079487X;10
160819;0452282829;10
160819;0679746048;10
162052;0316569321;10
162052;0385722206;10
162052;0553271636;10
162052;0553279556;10
162052;0553279912;10
162052;0553280341;10
162052;0553280368;10
162052;0553284789;10
162639;0060976845;9
162639;0060987103;5
162639;014028009X;8
162639;0312924585;9
162639;0312966091;10
162639;0312980140;10
162639;0312983867;10
162639;0345370775;9
162639;0385505833;8
162639;0385720106;7
162639;0425147622;8
162639;0439064864;9
162639;0439136350;9
162639;0439139597;9
162639;0440211727;9
162639;0440226430;8
162639;0440498058;8
162639;0446608955;8
162639;0590353403;10
162639;059035342X;9
162639;067976402X;8
162639;0679781587;8
162639;0842329129;10
162738;0140293248;6
162738;0156027321;9
162738;0385504209;8
162738;044021145X;7
162738;0440211727;5
162738;0440214041;7
162738;0440221471;8
162738;0440224675;1
162738;0451172817;9
162738;0553271636;8
162738;0553279556;8
163570;0375504397;9
163570;0440211727;9
163570;0440214041;9
163570;0451156609;9
163570;0451167317;10
163570;0451172817;10
163570;0451184963;9
163570;0553572997;9
163570;067102423X;9
163804;0142001740;7
163804;0312966970;8
163804;0312983867;8
163804;0316666343;9
163804;0345443284;6
163804;0385484518;8
163804;0385720106;5
163804;044651652X;5
163804;0553268880;9
163804;0671001795;8
163804;0671003755;7
163973;0380718340;9
163973;0553271636;8
163973;0553280368;8
164323;0060392452;8
164323;0316666343;9
164323;0345370775;7
164323;0385335482;6
164323;0385335881;7
164323;044021145X;9
164323;0440211727;9
164323;0440214041;8
164323;044023722X;8
164323;0446672211;8
164323;0553271636;8
164323;0553279556;8
164323;0553279912;8
164323;0553280341;8
164323;0553280368;8
164323;0553284789;8
164323;0671021001;8
164323;0671027360;9
164323;0679751521;8
164323;1400034779;8
164323;1573229326;7
165308;0060928336;8
165308;0060987103;9
165308;0060987529;9
165308;0061009059;10
165308;0064407667;9
165308;014028009X;10
165308;014029628X;8
165308;0312195516;7
165308;0316284955;8
165308;0375706771;7
165308;0375727345;8
165308;0385505833;8
165308;0439064872;10
165308;0439139600;10
165308;044023722X;8
165319;0156027321;6
165319;0375727345;6
165319;0380002930;5
165319;0452282152;6
165319;068484267X;5
165758;0064407667;5
165758;034538475X;5
165758;0375504397;5
165758;0439139597;5
165758;0451167317;5
165758;0451184963;5
165758;0553572997;5
170513;0060987103;7
170513;0385492081;10
170513;0385504209;10
170513;0439064872;10
170513;0439136350;10
170513;0439139597;10
170513;044023722X;9
170513;0451169530;10
170513;059035342X;10
170513;0609804138;7
170513;0679751521;10
170513;0679781587;10
170513;0842329129;7
171118;0440214041;4
171118;0446310786;8
171118;0553280341;5
171118;0804106304;7
171118;1400031354;7
172742;0060502258;9
172742;0060976845;10
172742;0312983867;10
172742;0316601950;10
172742;0345313860;6
172742;0380002930;10
172742;0553271636;9
172742;0553280341;10
172742;0553572997;10
173415;0060934417;10
173415;0312966091;5
173415;0312966970;8
173415;0316284955;8
173415;0316666343;7
173415;0439064872;7
173415;0440498058;10
173415;059035342X;10
173415;0671001795;6
173415;0743418174;9
173679;0060392452;8
173679;0316769487;9
173679;0375727345;8
173679;059035342X;8
174304;0312278586;8
174304;0316666343;8
174304;0316769487;10
174304;0385504209;9
174304;0399501487;8
174304;0446310786;8
174304;0671003755;6
177072;0312980140;9
177072;0312983867;8
177072;0316601950;8
177072;0440211727;7
177072;0440213525;9
177072;0440214041;9
177072;0440220602;8
177072;0842329129;7
177072;1400031354;8
177432;0316769487;6
177432;0345313860;8
177432;034538475X;7
177432;0380002930;8
177432;0446310786;10
177432;0449212602;10
177432;0451156609;7
177432;0451167317;8
177432;0451176464;8
177432;0553250426;8
177432;0553268880;8
177432;0553271636;8
177432;0553280368;8
177432;067102423X;9
177458;0061009059;8
177458;0312971346;8
177458;0312976275;8
177458;0345370775;8
177458;0446606812;5
177458;0446610038;7
177458;0679751521;7
177458;0842329129;5
178199;0060392452;7
178199;014028009X;10
178199;0142001740;10
178199;0345443284;7
178199;0375700757;10
178199;0385504209;8
178199;0446601241;10
178199;067976402X;10
178667;0060502258;3
178667;0142001740;9
178667;0312305060;7
178667;038079487X;7
178667;0399501487;7
178667;0440221471;5
178667;044023722X;3
178667;0446601241;8
178667;0451167317;5
178667;0553279556;8
179718;0312966091;9
179718;0312966970;9
179718;0345313860;8
179718;034538475X;9
179718;0380718340;9
179734;0064407667;10
179734;014028009X;10
179734;0385335881;10
179734;0439064864;5
179734;0439136350;10
179734;0439139600;10
179734;043935806X;10
179734;0446672211;10
179734;0590353403;10
181687;0060934417;7
181687;014029628X;9
181687;0312195516;9
181687;0312278586;9
181687;0316096199;10
181687;0316776963;5
181687;038079487X;5
181687;0385335482;9
181687;0385335881;10
181687;0385484518;8
181687;0440236673;8
181687;044023722X;4
181687;068484267X;9
181687;0743237188;7
181687;0786868716;8
184299;0060987103;7
184299;0446310786;9
184299;0451156609;7
184299;0451172817;8
184299;0451184963;8
184299;0553279912;7
184299;067102423X;7
184532;0375504397;10
184532;0439064872;10
184532;0439139597;10
184532;0451167317;9
184532;0451176464;9
184532;0451184963;9
184532;059035342X;10
185233;0312924585;8
185233;0345313860;5
185233;0345337662;5
185233;0345370775;9
185233;034538475X;5
185233;0375504397;5
185233;043935806X;10
185233;0451169530;10
185233;0743237188;7
187145;0312924585;8
187145;0375706771;8
187145;0375707972;9
187145;0399501487;9
187145;044021145X;8
187145;0446310786;9
187145;0553250426;8
187145;0679746048;9
187145;068484267X;9
187145;068484477X;8
187145;0684874350;9
187256;0060928336;9
187256;014029628X;9
187256;0142001740;10
187256;0312195516;5
187256;0316284955;9
187256;0316601950;9
187256;0316666343;9
187256;0385504209;9
187256;0446605239;9
187256;067102423X;10
187256;0804114986;9
187863;0312195516;10
187863;0375706771;9
187863;0385720106;5
187863;0451167317;9
187863;0671003755;6
187863;067102423X;9
189835;0312195516;9
189835;0375504397;5
189835;0380002930;7
189835;0440224675;5
189835;0440498058;5
189835;0451176464;5
189835;0553268880;5
189835;0590353403;8
189835;0804114986;8
189973;014028009X;5
189973;0140298479;5
189973;0316601950;7
189973;0345443284;5
189973;0440226430;5
189973;0446672211;8
189973;0553250426;7
189973;0553250531;6
189973;0553279912;7
190925;0060928336;8
190925;014028009X;7
190925;0312195516;8
190925;0312980140;7
190925;0375700757;8
190925;038079487X;8
190925;0446610038;8
190925;0743418174;7
190925;0786868716;8
193458;0140298479;9
193458;0142001740;9
193458;0316569321;8
193458;0345361792;10
193458;0451156609;7
193458;0451169530;8
193499;0140293248;8
193499;0312265867;8
193499;0312980140;8
193499;0312983867;5
193499;0316601950;9
193499;0316666343;9
193499;0316776963;9
193499;0375706771;10
193499;0439139597;8
193499;0609804138;9
193499;0671027360;10
193676;0060928336;10
193676;0060976845;10
193676;0385505833;7
193676;0439064864;10
193676;0439139600;10
193676;0440226430;5
193676;0446310786;10
193676;0446672211;10
193676;059035342X;10
193676;0671003755;10
193676;067102423X;10
193676;0679781587;10
194600;0312278586;6
194600;0316666343;8
194600;0385335482;8
194600;0452282152;7
194600;0609804138;5
194600;068484477X;9
196077;0060502258;7
196077;0060928336;7
196077;014028009X;5
196077;0312195516;10
196077;0312278586;8
196077;0312980140;10
196077;0312983867;10
196077;0316284955;9
196077;0316666343;8
196077;0375706771;9
196077;0385720106;7
196077;0451172817;10
196077;0452282152;8
196077;0679781587;8
197364;014028009X;8
197364;0345313860;9
197364;044021145X;7
197364;0446672211;6
197364;0449212602;10
197364;0553268880;10
197364;0671003755;8
200226;0060987561;8
200226;0312195516;8
200226;0312265867;8
200226;0312966970;8
200226;0312971346;8
200226;0312976275;8
200226;0312983867;6
200226;0316769487;8
200226;0446310786;10
200226;068484477X;8
200226;0804106304;5
203240;0060928336;8
203240;0060987529;5
203240;0140293248;8
203240;014029628X;7
203240;0142001740;5
203240;0156027321;8
203240;0316284955;5
203240;0345443284;8
203240;0375726403;7
203240;038079487X;8
203240;0440226430;5
203240;0440498058;9
203240;0679781587;6
203240;0743418174;8
204864;0060928336;9
204864;0060930535;9
204864;0060976845;6
204864;0060987529;9
204864;0156027321;10
204864;0312195516;10
204864;0316666343;9
204864;0316769487;10
204864;0345361792;9
204864;0375700757;10
204864;0375726403;9
204864;0375727345;7
204864;0385722206;9
204864;0440206154;10
204864;0446601241;9
204864;0449212602;10
204864;0451169530;10
204864;0451176464;5
204864;0679746048;9
204864;067976402X;10
204864;0679781587;10
204864;0684874350;10
204864;0842329129;6
206305;0060930535;9
206305;0312195516;10
206305;0312305060;10
206305;0316601950;8
206305;0375727345;7
206305;0385265700;5
206305;0452282152;10
206305;0452282829;7
206305;0671027360;10
206305;067976402X;9
206305;068484267X;9
206305;068484477X;8
206305;0743237188;8
206305;1400031354;9
206305;1400034779;9
206563;0060928336;6
206563;0440224675;10
206563;044023722X;8
206563;0452282829;10
206563;0553279556;10
206563;0553280341;10
206563;0553284789;10
206563;0679781587;10
206944;0060930535;9
206944;0140298479;8
206944;0312195516;8
206944;0312305060;9
206944;0316769487;7
206944;0385722206;9
206944;0452282152;8
206944;0679781587;9
206944;0804106304;8
208671;0316569321;7
208671;0345443284;8
208671;0553250531;7
208671;0553279556;8
208671;0553280341;7
208671;0553284789;7
208671;0679781587;9
208671;068484267X;8
208671;0786868716;7
208671;0842329129;10
208829;0060928336;9
208829;0312305060;8
208829;0375706771;10
208829;0375727345;10
208829;0385505833;5
208829;0385722206;6
208829;0440213525;10
208829;0440214041;10
208829;0553250426;10
208829;0590353403;10
208829;0842329129;7
209373;0060928336;8
209373;0345370775;8
209373;0375504397;10
209373;0385504209;10
209373;0440214041;7
209373;0440225701;8
209373;0553279912;6
209373;067102423X;8
209373;0671027360;9
210485;0060987529;7
210485;0140293248;6
210485;0142001740;9
210485;0312983867;8
210485;0316096199;9
210485;0316666343;8
210485;0345370775;8
210485;0375706771;9
210485;0375727345;6
210485;0385504209;8
210485;044021145X;8
210485;0440226430;6
210485;0609804138;9
210485;0671003755;8
210485;1400031354;9
210485;1400034779;10
211426;014029628X;7
211426;0312976275;8
211426;0316769487;10
211426;0345313860;10
211426;0345337662;8
211426;034538475X;10
211426;0439064864;10
211426;0439136350;10
211426;0452282152;7
211426;0553572997;8
211426;0590353403;10
211426;068484267X;9
212923;0060928336;10
212923;0060934417;10
212923;0060976845;5
212923;014029628X;8
212923;0345361792;10
212923;0385722206;10
212923;0446672211;10
212923;0449212602;8
212923;0671027360;10
214786;0312924585;10
214786;0345337662;8
214786;0345370775;10
214786;0385504209;10
214786;0440221471;10
214786;0440224764;8
214786;0440234743;9
214786;0446601241;9
214786;0451156609;9
214786;0451167317;9
214786;0553268880;10
214786;0671041789;10
215988;0316601950;7
215988;0316666343;5
215988;0375726403;5
215988;0385335881;10
215988;0440226430;5
215988;0679751521;5
215988;067976402X;8
215988;0743237188;5
215988;1573229326;8
216683;0316666343;9
216683;038079487X;8
216683;0440234743;9
216683;044023722X;8
216683;0446605239;7
216683;0451167317;8
217318;0385492081;5
217318;0440206154;5
217318;0440211727;5
217318;0440224764;5
217318;0440236673;5
217318;044023722X;5
217318;0446610038;5
218121;0064407667;10
218121;0316666343;3
218121;0380002930;10
218121;0385492081;8
218121;0385722206;6
218121;0440221471;8
218121;0440234743;8
218121;0440498058;10
218121;0553250531;8
218552;0060928336;5
218552;0312966970;6
218552;0316569321;5
218552;0385504209;8
218552;0440211727;6
218552;0440213525;8
218552;0446606812;3
218552;0671001795;8
218552;0671021001;5
218552;0671027360;8
218552;0679746048;4
218552;0684874350;5
218568;0060392452;6
218568;0061009059;9
218568;0142001740;10
218568;0312966091;9
218568;0312971346;10
218568;0316666343;8
218568;0316776963;9
218568;0345370775;6
218568;0385335881;9
218568;044021145X;8
218568;0440211727;8
218568;0440214041;8
218568;0440220602;8
218568;0449212602;10
218568;0553271636;8
218568;0553279556;9
218568;0553279912;8
218568;0671001795;9
218568;0804106304;9
218568;1400031354;9
218608;0345361792;9
218608;0380002930;8
218608;0385504209;10
218608;0399501487;8
218608;044022165X;7
218608;044651652X;5
218608;0452282829;8
218608;0671001795;8
218608;0671021001;10
219301;014029628X;8
219301;0312305060;6
219301;0316096199;7
219301;0375726403;8
219301;038079487X;7
219301;0385504209;9
219301;0385720106;8
219301;043935806X;8
219301;0786868716;10
219683;0312924585;6
219683;0316769487;1
219683;0440224675;4
219683;0451156609;3
219683;0451167317;6
219683;0451169530;7
219683;0451184963;5
219683;067102423X;4
219683;0671041789;8
220688;0060987103;10
220688;0060987561;10
220688;014028009X;9
220688;0140298479;9
220688;0312278586;10
220688;0316776963;10
220688;0385504209;10
220688;0439064872;10
220688;0439139600;10
220688;043935806X;10
220688;0440206154;10
220688;0446608955;9
220688;0452282152;10
220688;0553250426;10
220688;059035342X;10
220688;0671021001;10
221445;0060915544;9
221445;0060928336;9
221445;014029628X;9
221445;0312966091;8
221445;0316666343;9
221445;0385335881;8
221445;0440211727;5
221445;0440214041;8
221445;0440236673;7
221445;0446601241;8
221445;0553268880;8
221445;0671021001;7
221445;0743418174;8
221445;0786868716;7
221445;1400031354;9
221445;1400034779;9
222296;0060392452;7
222296;0156027321;7
222296;0316666343;8
222296;0345443284;6
222296;0375726403;7
222296;0446672211;4
222296;0452282829;6
222296;0553572997;6
222296;0671003755;6
222296;0743237188;7
223154;0060976845;8
223154;0060987561;10
223154;0142001740;9
223154;0385265700;7
223154;0385505833;7
223154;0385720106;4
223154;0425147622;6
223154;044023722X;8
223154;0671027360;7
223154;0786868716;8
223501;0312195516;8
223501;0316666343;9
223501;0375726403;7
223501;0375727345;9
223501;0385504209;7
223501;0439064864;7
223501;0553250426;9
223501;0553250531;8
223501;0590353403;7
224349;0312195516;9
224349;0345370775;8
224349;0440211727;8
224349;0449212602;8
224349;0452282152;9
224349;0553572997;8
224349;1400034779;8
224349;1573229326;7
224430;0060987103;9
224430;0060987529;7
224430;014028009X;9
224430;0140293248;7
224430;0140298479;8
224430;0312278586;5
224430;0316666343;8
224430;0375706771;9
224430;0375726403;8
224430;038079487X;8
224430;0385265700;7
224430;0385484518;9
224430;0446608955;5
224430;068484477X;10
224430;0743418174;8
224764;0060934417;5
224764;0060987561;10
224764;0156027321;3
224764;0316666343;7
224764;034538475X;8
224764;0440224675;10
224809;0316096199;10
224809;0375504397;9
224809;0375726403;9
224809;0385265700;10
224809;0385505833;7
224809;0446672211;10
224809;0679751521;6
224997;0312971346;5
224997;043935806X;10
224997;0440214041;8
224997;0446310786;7
224997;0446608955;9
225087;0060915544;10
225087;0312265867;10
225087;0345370775;10
225087;0425147622;10
225087;0440206154;10
225087;0440213525;5
225087;0440214041;10
225087;0446606812;10
225087;0553250531;5
225087;0553572997;8
225087;0671003755;10
225763;0060392452;5
225763;0060987103;5
225763;014028009X;5
225763;0312966970;8
225763;0316096199;6
225763;0316284955;5
225763;0316569321;5
225763;0375726403;7
225763;0385335482;5
225763;0399501487;4
225763;0440224675;5
225763;0446610038;8
225763;0671027360;5
225763;0743418174;8
226545;0345370775;5
226545;0385335482;9
226545;0385335881;9
226545;044021145X;10
226545;0440211727;9
226545;0440213525;9
226545;0440214041;9
226545;0671001795;10
226545;0842329129;10
226965;0345337662;10
226965;034538475X;10
226965;0385265700;7
226965;0439064864;10
226965;0439136350;10
226965;0439139597;10
226965;043935806X;10
226965;0440226430;5
226965;0553268880;9
226965;0553271636;8
226965;0590353403;10
226965;0804114986;10
227520;0060987103;10
227520;0312966970;7
227705;0312265867;9
227705;0316284955;8
227705;0345337662;7
227705;0385504209;10
227705;0440206154;8
227705;044021145X;10
227705;0440220602;8
227705;0440224675;9
227705;0440224764;9
227705;0440225701;7
227705;0451184963;8
227705;0553268880;6
227705;067976402X;8
227705;0679781587;8
227705;0743418174;7
228021;0060987103;9
228021;0316769487;10
228021;0380002930;5
228021;0439064872;7
229011;014029628X;6
229011;0140298479;6
229011;0440211727;6
229011;0440213525;6
229011;0440220602;2
229011;0440225701;7
229011;0440234743;7
229313;0060987561;10
229313;014028009X;10
229313;0312195516;10
229313;0316601950;8
229313;0345313860;8
229313;0345337662;10
229313;034538475X;6
229313;0385265700;10
229313;0385484518;8
229313;0385504209;8
229313;0440236673;8
229313;044651652X;9
229313;0446672211;8
229313;0452282152;7
229313;059035342X;10
229313;0671003755;10
229313;0804106304;9
229313;0804114986;10
229313;1573229326;8
229741;0060928336;8
229741;0060987103;8
229741;0064407667;7
229741;014028009X;7
229741;0312278586;8
229741;0316769487;8
229741;0316776963;9
229741;0345337662;7
229741;0345370775;7
229741;0385335881;7
229741;0385504209;6
229741;0439064864;7
229741;0439136350;8
229741;0439139600;7
229741;043935806X;8
229741;0440214041;7
229741;0446310786;9
229741;0590353403;7
229741;1573229326;6
230522;0060915544;9
230522;0060987561;8
230522;0142001740;9
230522;0345337662;9
230522;0385504209;9
230522;0399501487;10
230522;0446606812;8
230522;0553250426;10
230522;0679751521;9
230522;0679781587;9
231210;0060987561;8
231210;0375706771;8
231210;0385492081;10
231210;0385722206;5
231210;0399501487;10
231210;0440226430;7
231210;0446310786;10
231210;0446672211;7
231210;0449212602;8
231210;0553280341;7
231210;0553284789;7
231210;0671003755;8
231210;0679781587;10
231210;0684874350;8
231210;0743418174;7
231237;0060930535;7
231237;0060934417;10
231237;0060987103;10
231237;0060987529;10
231237;0312195516;10
231237;0316666343;8
231237;0375726403;7
231237;0553280341;10
231237;0553280368;10
231237;0671021001;10
231237;0804114986;10
231237;1400031354;10
231237;1400034779;9
232131;0060915544;10
232131;0060934417;9
232131;0060987561;9
232131;014028009X;7
232131;0312983867;6
232131;0316601950;7
232131;0345361792;9
232131;0385504209;10
232131;0439064864;9
232131;0439136350;9
232131;0440225701;7
232131;0440234743;7
232131;044651652X;5
232131;0446610038;8
232131;0446672211;9
232131;059035342X;8
232131;0671003755;10
232131;0671027360;7
232131;067976402X;8
232131;0804106304;8
232945;0345370775;8
232945;0440206154;8
232945;0440214041;9
232945;0440221471;8
232945;0440224675;9
232945;0440224764;9
232945;0440225701;8
232945;0440234743;9
232945;0440236673;9
232945;0446601241;8
232945;0446610038;8
232945;0553250426;9
232945;0553250531;9
234828;0060392452;10
234828;0060930535;3
234828;0316666343;7
234828;0345370775;9
234828;038079487X;6
234828;0425147622;6
234828;0440206154;6
234828;044021145X;9
234828;0440213525;9
234828;0451167317;8
234828;0553250426;8
235105;0312265867;9
235105;0312278586;10
235105;0316666343;8
235105;0385504209;6
235105;043935806X;9
235105;0440498058;10
235105;0449212602;9
235282;0060987561;10
235282;0316096199;8
235282;0316666343;6
235282;0316776963;8
235282;0385484518;7
235282;0446610038;8
235282;0446672211;8
235282;0451176464;10
235282;0671003755;9
235282;0671027360;6
235282;0679746048;8
235282;0679781587;9
235935;0060915544;10
235935;0060976845;8
235935;0142001740;10
235935;0312265867;9
235935;0385335482;9
235935;0385722206;9
235935;0440220602;10
235935;0743418174;10
235935;0786868716;10
235935;1400031354;8
235935;1400034779;8
236283;0385484518;10
236283;0446605239;10
236283;0446606812;10
236283;0446608955;10
236283;0451156609;8
236283;0671041789;10
236283;0786868716;10
236340;0312924585;8
236340;0312976275;9
236340;0380718340;9
236340;0425147622;9
236340;0440211727;10
236340;0440213525;8
236340;0440220602;8
236340;044022165X;9
236340;0446310786;9
236340;0446601241;9
236340;0446610038;8
236340;0451167317;9
236340;0553271636;8
236340;0553279556;8
236340;0553279912;8
236340;0553280341;5
236757;0060915544;8
236757;0060928336;8
236757;0060930535;8
236757;0060934417;9
236757;0061009059;5
236757;0312195516;9
236757;0345313860;9
236757;0385265700;3
236757;0452282152;9
236757;0553250426;1
236757;0609804138;4
236757;067976402X;9
236757;0679781587;9
239584;0061009059;5
239584;014029628X;9
239584;0316666343;10
239584;0316776963;9
239584;0345361792;10
239594;0060930535;8
239594;0345361792;8
239594;0446310786;8
239594;0449212602;9
239594;0804106304;7
240035;0312278586;7
240035;0312924585;8
240035;034538475X;5
240035;0440211727;5
240035;0440214041;5
240035;0451167317;5
240035;0451169530;9
240035;0451184963;5
240035;0553250426;8
240035;0553250531;8
240567;0142001740;10
240567;0312195516;8
240567;0312971346;9
240567;0312976275;9
240567;0312983867;8
240567;0316569321;8
240567;0316769487;9
240567;0345370775;7
240567;0375727345;8
240567;0385504209;10
240567;0399501487;8
240567;044021145X;5
240567;0440213525;8
240567;0440214041;5
240567;0440220602;5
240567;044022165X;6
240567;0440234743;5
240567;0440236673;6
240567;044023722X;8
240567;0446310786;8
240567;0446601241;8
240567;0446672211;9
240567;0452282152;4
240567;0452282829;8
240567;0553572997;7
240567;0671001795;9
240567;0671021001;7
240567;0671027360;7
240567;0679781587;8
240567;068484267X;10
240567;068484477X;7
240567;0804106304;8
241666;0312924585;9
241666;0345337662;6
241666;0345370775;10
241666;0380718340;8
241666;0425147622;8
241666;0440225701;8
241666;0440234743;8
241666;0553268880;8
241666;0553279556;7
241666;0553284789;7
241980;0312265867;9
241980;0312966091;10
241980;0312966970;10
241980;0312971346;10
241980;0312976275;10
241980;0312980140;10
241980;0312983867;10
241980;0440234743;9
241980;0451156609;5
241980;0451167317;9
241980;0451172817;10
241980;0451184963;9
241980;0671001795;10
241980;0671041789;10
241980;0842329129;10
242083;0316776963;7
242083;0345313860;5
242083;0345337662;7
242083;0385504209;8
242083;0439064872;9
242083;0439139600;9
242083;043935806X;7
242083;044021145X;8
242083;0440211727;10
242083;0440214041;9
242083;0440220602;7
242083;0440221471;9
242083;044022165X;7
242083;0440224764;5
242083;0440236673;5
242083;0451169530;10
242083;059035342X;10
242083;0609804138;10
242083;0671041789;9
242083;067976402X;4
242299;0060928336;8
242299;0061009059;8
242299;0140293248;8
242299;0142001740;6
242299;0312195516;10
242299;0440236673;7
242299;044023722X;9
242299;0679781587;10
242299;0743237188;10
242299;0743418174;9
243294;0060976845;8
243294;0142001740;10
243294;0385484518;10
243294;044021145X;7
243294;0440211727;9
243294;0440213525;10
243294;044023722X;9
243930;0061009059;8
243930;0142001740;9
243930;0312971346;9
243930;0316569321;7
243930;0345313860;8
243930;0345337662;8
243930;0440234743;9
243930;0553279556;9
243930;0553280341;8
243930;067976402X;6
244420;0060987103;5
244420;0316601950;10
244420;0385265700;5
244420;0385335881;10
244420;0425147622;9
244420;0439064872;10
244420;0440220602;8
244420;0446672211;5
244420;0452282152;8
244420;0804114986;10
245410;0060392452;8
245410;0061009059;7
245410;0312966091;7
245410;0312966970;7
245410;0312971346;7
245410;0312976275;8
245410;0312980140;8
245410;0312983867;8
245410;0345313860;8
245410;0345337662;7
245410;0345370775;7
245410;034538475X;7
245410;0671001795;7
245410;0671027360;7
246311;0316096199;9
246311;0316666343;9
246311;0375726403;9
246311;0385492081;9
246311;0679781587;9
246311;0684874350;10
247129;0312924585;7
247129;0345361792;8
247129;0345370775;7
247129;0380002930;8
247129;0440206154;7
247129;0440224675;8
247129;0446601241;8
247129;0446610038;10
247129;0553250426;7
247129;0679781587;9
247447;0312966091;9
247447;0312966970;9
247447;0312971346;9
247447;0312980140;9
247447;0312983867;9
247447;043935806X;9
247447;0446310786;8
247447;0446608955;9
247447;059035342X;10
247447;0671001795;8
251140;014028009X;10
251140;0140298479;8
251140;0312278586;10
251140;0316601950;10
251140;0316666343;7
251140;0380002930;9
251140;0385335482;8
251140;0440211727;8
251140;0446672211;10
251140;0671003755;10
251422;0385504209;10
251422;0440226430;8
251422;0446310786;10
251422;0452282152;7
251422;0671021001;10
251843;0345443284;8
251843;0385504209;7
251843;0440225701;5
251843;0553268880;10
251843;0553572997;10
251843;0671027360;10
251843;1400031354;8
251844;014029628X;8
251844;0316096199;8
251844;0375700757;7
251844;0440221471;8
251844;0446310786;10
251844;0452282152;8
252695;0060934417;7
252820;0345337662;5
252820;0345361792;8
252820;0451156609;5
253871;0060928336;10
253871;0316096199;10
253871;0385484518;8
253871;044651652X;9
253871;0446605239;10
253871;0446608955;10
253871;0446672211;10
253871;0671021001;8
253871;0743418174;10
253871;0786868716;8
254206;0312924585;9
254206;0380002930;10
254206;0440206154;10
254206;0451156609;8
254206;0451167317;9
254206;0451176464;9
254465;014028009X;10
254465;0140298479;10
254465;0312983867;10
254465;0316601950;10
254465;0316666343;10
254465;0385335881;10
254465;0440226430;10
254465;0446601241;10
254465;0446605239;5
254465;0446608955;10
254465;0451172817;5
254465;0679746048;10
255489;0060934417;9
255489;0060987103;7
255489;0142001740;8
255489;0312195516;6
255489;0312278586;7
255489;0316601950;8
255489;0345313860;8
255489;0345337662;10
255489;0345361792;8
255489;034538475X;6
255489;044021145X;8
255489;0440214041;7
255489;0609804138;10
255489;0671027360;9
255489;067976402X;7
256843;0142001740;9
256843;0312976275;10
256843;0312980140;10
256843;0312983867;10
256843;0316096199;9
256843;0316666343;10
256843;0375727345;9
256843;0385505833;6
256843;0446605239;8
256843;0553279912;9
256843;0553280341;9
256843;0553280368;10
256843;0786868716;9
258534;0312265867;10
258534;0312924585;10
258534;0312966091;10
258534;0312966970;9
258534;0312971346;10
258534;0312976275;10
258534;0312980140;10
258534;0312983867;10
258534;0425147622;9
258534;0439139600;10
258534;0440213525;9
258534;0440214041;8
258534;0440234743;8
258534;044023722X;10
258534;0446610038;6
258534;0451172817;9
258534;0553271636;8
258534;0553279556;9
258534;0553279912;9
258534;0553280341;9
258534;0553280368;9
258534;0553284789;9
258534;0671001795;10
259629;0312924585;10
259629;0345337662;6
259629;0345370775;8
259629;0440213525;9
259629;0440214041;7
259629;0446672211;7
259629;0451176464;9
259629;0671041789;9
260897;0060928336;8
260897;0312278586;8
260897;0316284955;6
260897;0316666343;9
260897;0345443284;5
260897;0375726403;9
260897;0439139600;9
260897;043935806X;9
260897;0440226430;6
260897;0446310786;8
260897;044651652X;4
260897;0743418174;7
261829;0156027321;8
261829;0312195516;9
261829;0316096199;8
261829;0316666343;9
261829;0316776963;1
261829;0385492081;10
261829;0440206154;9
261829;0440211727;7
261829;0446610038;8
261829;0449212602;8
261829;0671001795;8
261829;0671027360;9
261829;067976402X;8
261829;0804114986;7
261829;1573229326;6
263325;0142001740;9
263325;038079487X;8
263325;0385335482;7
263325;0385504209;8
263325;0385720106;7
263325;0385722206;8
263325;0440206154;8
263325;0446310786;10
263325;0671003755;8
263325;067976402X;8
263325;0684874350;10
263325;0786868716;8
264031;0060976845;10
264031;0060987561;10
264031;0316666343;10
264031;0446672211;9
264031;0451184963;10
264031;0452282829;9
264321;0312195516;8
264321;0312924585;7
264321;0316601950;6
264321;0316776963;6
264321;0375707972;4
264321;0440206154;7
264321;0446601241;5
264321;0446606812;4
264321;0671003755;6
264543;0060915544;9
264543;0142001740;9
264543;0375700757;8
264543;059035342X;9
264543;0671021001;8
264543;0679746048;8
264543;068484267X;9
265115;0060976845;7
265115;014028009X;7
265115;014029628X;9
265115;0312265867;10
265115;0312980140;10
265115;0316601950;8
265115;0385335881;9
265115;0440213525;7
265115;0440221471;8
265115;0440224764;6
265115;0553280368;10
265115;1400034779;10
265313;0380002930;10
265313;0399501487;9
265313;0439064872;7
265313;0440206154;6
265313;0440224675;6
265313;059035342X;8
266056;0060987561;3
266056;0140293248;6
266056;014029628X;8
266056;0156027321;9
266056;0375706771;9
266056;0385484518;8
266056;0385492081;9
266056;0385720106;8
266056;0440498058;8
266056;0446610038;7
266056;0452282152;9
266056;0842329129;9
266865;0060987529;5
266865;0142001740;7
266865;0316284955;9
266865;0316666343;8
266865;0375700757;10
266865;0440206154;8
266865;0440224675;8
266865;0679781587;9
268032;0060928336;8
268032;0312924585;8
268032;0316666343;8
268032;0440211727;8
268032;0440214041;8
268032;0451169530;10
268032;0553279912;8
268032;0553280341;8
268110;0060928336;8
268110;0316666343;7
268110;038079487X;6
268110;0385335482;8
268110;0385722206;8
268110;044651652X;2
268110;0679751521;6
270554;0060987561;10
270554;0312195516;10
270554;0312305060;10
270554;0316096199;9
270554;0316569321;9
270554;0345361792;7
270554;0375707972;7
270554;0385722206;6
270554;0446608955;6
270554;0452282829;7
270554;0671003755;8
270554;067976402X;8
270554;0804114986;8
270605;0060976845;6
270605;0142001740;9
270605;0312195516;7
270605;0316601950;5
270605;0316769487;7
270605;0385722206;4
270605;0446672211;10
270605;0679781587;10
270605;0804106304;7
270713;014029628X;7
270713;0312195516;10
270713;0316776963;7
270713;0345337662;6
270713;0345443284;7
270713;0375707972;6
270713;0380002930;10
270713;0380718340;7
270713;038079487X;10
270713;0425147622;7
270713;0446672211;5
270713;0452282152;8
270713;0553250426;8
270713;0553250531;8
270713;0679781587;10
270713;0786868716;10
270713;0804106304;8
271195;0060930535;5
271195;0060987529;5
271195;0345337662;8
271195;0345361792;8
271195;034538475X;9
271195;0385484518;10
271195;0440236673;6
271195;0786868716;10
271448;0060928336;10
271448;0060987103;9
271448;0064407667;8
271448;0312195516;9
271448;0312305060;7
271448;0312966091;9
271448;0316569321;9
271448;0316666343;10
271448;0316769487;7
271448;0345443284;9
271448;0375700757;7
271448;0375707972;6
271448;038079487X;7
271448;0385505833;9
271448;0439139600;10
271448;043935806X;10
271448;0440213525;7
271448;044023722X;10
271448;0440498058;7
271448;0446605239;4
271448;0446672211;10
271448;0452282829;10
271448;068484477X;7
271448;0743237188;10
271448;0804114986;9
271558;0345337662;9
271558;0380718340;7
271558;0440206154;7
271558;0440220602;9
271558;044023722X;7
271558;0451169530;10
271558;0452282829;8
271558;0553250531;8
271558;067102423X;9
271705;0060502258;8
271705;014029628X;8
271705;0140298479;9
271705;0312195516;8
271705;0312278586;8
271705;0316096199;7
271705;0439136350;10
271705;0440206154;8
271705;0449212602;9
271705;059035342X;10
273113;0446605239;5
273113;0671021001;5
274004;0060392452;9
274004;0060934417;8
274004;0345313860;9
274004;0345370775;7
274004;0380002930;10
274004;0440220602;8
274004;0446605239;4
274004;0553572997;9
274004;1400034779;8
274061;0375504397;10
274061;0451156609;10
274061;0451176464;10
274061;067102423X;10
274061;0671041789;10
274301;0312924585;10
274301;0380718340;8
274301;0425147622;6
274301;0440206154;10
274301;0451169530;7
274301;0553271636;10
274301;0553279556;10
274301;0553279912;10
274301;0553280341;10
274301;0553280368;10
274301;068484267X;10
276050;0312278586;9
276050;034538475X;5
276050;0385335482;7
276050;0385335881;9
276050;0553279912;7
276050;0671021001;9
276050;067102423X;8
276050;0679746048;7
276050;0679781587;10
